ticket_id,description,status
1,Unauthorized login attempt,resolved
2,Unauthorized login attempt,open
3,Unauthorized login attempt,open
4,Unauthorized login attempt,open
5,"threat detection
",open
6,threat,open
8,malware,open
9,system corrupt,open
10,login attempt,open
11,threat,open
12,software malfunctioning,open
13,mooo,open
14,yhgjcdh,open
15,re,open
16,hmm,open
17,mall,open
18,bhjaejn,open
19,threat,open
20,threat,open
21,hllo,open
22,22,open
23,gvj,open
24,threat,open
25,hhhh,open
26,threat,open
27,malware,open
28,not functioning,open
29,malware,open
30,threat,open
31,malware,open
32,un,open
33,mmm,open
34,unprotected,open
35,m,open
36,unauthorized,open
37,malware,open
38,malware,open
39,malware,open
40,un,open
41,threat,open
42,no functioning,open
43,threat,open
44,ujhkfed,open
45,unauthorized,open
46,unautho,open
47,threat,open
48,threat detect,open
49,error,open
50,threat,open
51,threat dtect,open
52,threat,open
53,threat,open
54,gfgyj,open
55,gfgyj,open
56,threat,open
57,threat,open
58,malware,open
59,malware,open
60,threat,open
61,detct,open
62,threat,open
63,authorized,open
64,detect,open
65,malware,open
66,threat,open
67,access,open
68,no text,open
69,malware,open
70,threat,open
71,threat,open
72,malware,open
73,threat,open
74,threat,open
75,threat,open
76,malware,open
77,threat,open
78,malware,open
79,threat,open
80,malware,open
81,isol,open
82,threat,open
83,threat,open
84,malware,open
85,threat,open
86,threat,open
87,threat,open
88,un,open
